image_name,cow_id,angle,collection_date,time_of_day,weather,camera_mode,device,collector_name,gps_coordinates,location
cow_0001_angle1.jpg,0001,1,27-11-2025,Morning,Sunny,Auto,POCO X4 Pro 5G,Sadman Islam Amlan,"23.7461,90.3872","Agargaon, Dhaka"
cow_0002_angle1.jpg,0002,1,27-11-2025,Morning,Sunny,Auto,POCO X4 Pro 5G,Sadman Islam Amlan,"23.7461,90.3872","Agargaon, Dhaka"
cow_0003_angle1.jpg,0003,1,27-11-2025,Morning,Sunny,Auto,POCO X4 Pro 5G,Sadman Islam Amlan,"23.7461,90.3872","Agargaon, Dhaka"
cow_0004_angle1.jpg,0004,1,27-11-2025,Morning,Sunny,Auto,POCO X4 Pro 5G,Sadman Islam Amlan,"23.7461,90.3872","Agargaon, Dhaka"
cow_0005_angle1.jpg,0005,1,27-11-2025,Morning,Sunny,Auto,POCO X4 Pro 5G,Sadman Islam Amlan,"23.7461,90.3872","Agargaon, Dhaka"
cow_0006_angle1.jpg,0006,1,27-11-2025,Morning,Sunny,Auto,POCO X4 Pro 5G,Sadman Islam Amlan,"23.7461,90.3872","Agargaon, Dhaka"
cow_0007_angle1.jpg,0007,1,27-11-2025,Morning,Sunny,Auto,POCO X4 Pro 5G,Sadman Islam Amlan,"23.7461,90.3872","Agargaon, Dhaka"
cow_0008_angle1.jpg,0008,1,27-11-2025,Morning,Sunny,Auto,POCO X4 Pro 5G,Sadman Islam Amlan,"23.7461,90.3872","Agargaon, Dhaka"
cow_0009_angle1.jpg,0009,1,27-11-2025,Morning,Sunny,Auto,POCO X4 Pro 5G,Sadman Islam Amlan,"23.7461,90.3872","Agargaon, Dhaka"
cow_0010_angle1.jpg,0010,1,27-11-2025,Morning,Sunny,Auto,POCO X4 Pro 5G,Sadman Islam Amlan,"23.7461,90.3872","Agargaon, Dhaka"
cow_0011_angle1.jpg,0011,1,27-11-2025,Morning,Sunny,Auto,POCO X4 Pro 5G,Sadman Islam Amlan,"23.7461,90.3872","Agargaon, Dhaka"
cow_0012_angle1.jpg,0012,1,27-11-2025,Morning,Sunny,Auto,POCO X4 Pro 5G,Sadman Islam Amlan,"23.7461,90.3872","Agargaon, Dhaka"
cow_0013_angle1.jpg,0013,1,27-11-2025,Morning,Sunny,Auto,POCO X4 Pro 5G,Sadman Islam Amlan,"23.7461,90.3872","Agargaon, Dhaka"
cow_0014_angle1.jpg,0014,1,27-11-2025,Morning,Sunny,Auto,POCO X4 Pro 5G,Sadman Islam Amlan,"23.7461,90.3872","Agargaon, Dhaka"
cow_0015_angle1.jpg,0015,1,27-11-2025,Morning,Sunny,Auto,POCO X4 Pro 5G,Sadman Islam Amlan,"23.7461,90.3872","Agargaon, Dhaka"
cow_0016_angle1.jpg,0016,1,27-11-2025,Morning,Sunny,Auto,POCO X4 Pro 5G,Sadman Islam Amlan,"23.7461,90.3872","Agargaon, Dhaka"
cow_0017_angle1.jpg,0017,1,27-11-2025,Morning,Sunny,Auto,POCO X4 Pro 5G,Sadman Islam Amlan,"23.7461,90.3872","Agargaon, Dhaka"
cow_0018_angle1.jpg,0018,1,27-11-2025,Morning,Sunny,Auto,POCO X4 Pro 5G,Sadman Islam Amlan,"23.7461,90.3872","Agargaon, Dhaka"
cow_0019_angle1.jpg,0019,1,27-11-2025,Morning,Sunny,Auto,POCO X4 Pro 5G,Sadman Islam Amlan,"23.7461,90.3872","Agargaon, Dhaka"
cow_0020_angle1.jpg,0020,1,27-11-2025,Morning,Sunny,Auto,cmf phone 2 pro,Abdullah Al Mahi,"23.7461,90.3872","Agargaon, Dhaka"
cow_0021_angle1.jpg,0021,1,27-11-2025,Morning,Sunny,Auto,cmf phone 2 pro,Abdullah Al Mahi,"23.7461,90.3872","Agargaon, Dhaka"
cow_0022_angle1.jpg,0022,1,27-11-2025,Morning,Sunny,Auto,cmf phone 2 pro,Abdullah Al Mahi,"23.7461,90.3872","Agargaon, Dhaka"
cow_0023_angle1.jpg,0023,1,27-11-2025,Morning,Sunny,Auto,cmf phone 2 pro,Abdullah Al Mahi,"23.7461,90.3872","Agargaon, Dhaka"
cow_0024_angle1.jpg,0024,1,27-11-2025,Morning,Sunny,Auto,cmf phone 2 pro,Abdullah Al Mahi,"23.7461,90.3872","Agargaon, Dhaka"
cow_0025_angle1.jpg,0025,1,27-11-2025,Morning,Sunny,Auto,cmf phone 2 pro,Abdullah Al Mahi,"23.7461,90.3872","Agargaon, Dhaka"
cow_0026_angle1.jpg,0026,1,27-11-2025,Morning,Sunny,Auto,cmf phone 2 pro,Abdullah Al Mahi,"23.7461,90.3872","Agargaon, Dhaka"
cow_0027_angle1.jpg,0027,1,31-12-2025,Morning,Sunny,Auto,cmf phone 2 pro,Abdullah Al Mahi,"23.7461,90.3872","Aftab Nagar, Dhaka"
cow_0028_angle1.jpg,0028,1,31-12-2025,Morning,Sunny,Auto,cmf phone 2 pro,Abdullah Al Mahi,"23.7461,90.3872","Aftab Nagar, Dhaka"
cow_0029_angle1.jpg,0029,1,31-12-2025,Morning,Sunny,Auto,cmf phone 2 pro,Abdullah Al Mahi,"23.7461,90.3872","Aftab Nagar, Dhaka"
cow_0030_angle1.jpg,0030,1,31-12-2025,Morning,Sunny,Auto,cmf phone 2 pro,Abdullah Al Mahi,"23.7461,90.3872","Aftab Nagar, Dhaka"
cow_0031_angle1.jpg,0031,1,31-12-2025,Morning,Sunny,Auto,cmf phone 2 pro,Abdullah Al Mahi,"23.7461,90.3872","Aftab Nagar, Dhaka"
cow_0032_angle1.jpg,0032,1,31-12-2025,Morning,Sunny,Auto,cmf phone 2 pro,Abdullah Al Mahi,"23.7461,90.3872","Aftab Nagar, Dhaka"
cow_0033_angle1.jpg,0033,1,31-12-2025,Morning,Sunny,Auto,cmf phone 2 pro,Abdullah Al Mahi,"23.7461,90.3872","Aftab Nagar, Dhaka"
cow_0034_angle1.jpg,0034,1,31-12-2025,Morning,Sunny,Auto,cmf phone 2 pro,Abdullah Al Mahi,"23.7461,90.3872","Aftab Nagar, Dhaka"
cow_0035_angle1.jpg,0035,1,31-12-2025,Morning,Sunny,Auto,cmf phone 2 pro,Abdullah Al Mahi,"23.7461,90.3872","Aftab Nagar, Dhaka"
cow_0036_angle1.jpg,0036,1,31-12-2025,Morning,Sunny,Auto,cmf phone 2 pro,Abdullah Al Mahi,"23.7461,90.3872","Aftab Nagar, Dhaka"
cow_0037_angle1.jpg,0037,1,31-12-2025,Morning,Sunny,Auto,cmf phone 2 pro,Abdullah Al Mahi,"23.7461,90.3872","Aftab Nagar, Dhaka"
cow_0038_angle1.jpg,0038,1,31-12-2025,Morning,Sunny,Auto,cmf phone 2 pro,Abdullah Al Mahi,"23.7461,90.3872","Aftab Nagar, Dhaka"
cow_0039_angle1.jpg,0039,1,31-12-2025,Morning,Sunny,Auto,cmf phone 2 pro,Abdullah Al Mahi,"23.7461,90.3872","Aftab Nagar, Dhaka"
cow_0040_angle1.jpg,0040,1,31-12-2025,Morning,Sunny,Auto,cmf phone 2 pro,Abdullah Al Mahi,"23.7461,90.3872","Aftab Nagar, Dhaka"
cow_0041_angle1.jpg,0041,1,31-12-2025,Morning,Sunny,Auto,cmf phone 2 pro,Abdullah Al Mahi,"23.7461,90.3872","Aftab Nagar, Dhaka"
cow_0042_angle1.jpg,0042,1,31-12-2025,Morning,Sunny,Auto,cmf phone 2 pro,Abdullah Al Mahi,"23.7461,90.3872","Aftab Nagar, Dhaka"
cow_0043_angle1.jpg,0043,1,31-12-2025,Morning,Sunny,Auto,cmf phone 2 pro,Abdullah Al Mahi,"23.7461,90.3872","Aftab Nagar, Dhaka"
cow_0044_angle1.jpg,0044,1,31-12-2025,Morning,Sunny,Auto,cmf phone 2 pro,Abdullah Al Mahi,"23.7461,90.3872","Aftab Nagar, Dhaka"
cow_0045_angle1.jpg,0045,1,31-12-2025,Morning,Sunny,Auto,cmf phone 2 pro,Abdullah Al Mahi,"23.7461,90.3872","Aftab Nagar, Dhaka"
cow_0046_angle1.jpg,0046,1,31-12-2025,Morning,Sunny,Auto,cmf phone 2 pro,Abdullah Al Mahi,"23.7461,90.3872","Aftab Nagar, Dhaka"
cow_0047_angle1.jpg,0047,1,31-12-2025,Morning,Sunny,Auto,cmf phone 2 pro,Abdullah Al Mahi,"23.7461,90.3872","Aftab Nagar, Dhaka"
cow_0048_angle1.jpg,0048,1,31-12-2025,Morning,Sunny,Auto,cmf phone 2 pro,Abdullah Al Mahi,"23.7461,90.3872","Aftab Nagar, Dhaka"
cow_0049_angle1.jpg,0049,1,31-12-2025,Morning,Sunny,Auto,cmf phone 2 pro,Abdullah Al Mahi,"23.7461,90.3872","Aftab Nagar, Dhaka"
cow_0050_angle1.jpg,0050,1,31-12-2025,Morning,Sunny,Auto,cmf phone 2 pro,Abdullah Al Mahi,"23.7461,90.3872","Aftab Nagar, Dhaka"
cow_0051_angle1.jpg,0051,1,31-12-2025,Morning,Sunny,Auto,cmf phone 2 pro,Abdullah Al Mahi,"23.7461,90.3872","Aftab Nagar, Dhaka"
cow_0052_angle1.jpg,0052,1,31-12-2025,Morning,Sunny,Auto,cmf phone 2 pro,Abdullah Al Mahi,"23.7461,90.3872","Aftab Nagar, Dhaka"
cow_0053_angle1.jpg,0053,1,31-12-2025,Morning,Sunny,Auto,cmf phone 2 pro,Abdullah Al Mahi,"23.7461,90.3872","Aftab Nagar, Dhaka"
cow_0054_angle1.jpg,0054,1,31-12-2025,Morning,Sunny,Auto,cmf phone 2 pro,Abdullah Al Mahi,"23.7461,90.3872","Aftab Nagar, Dhaka"
cow_0055_angle1.jpg,0055,1,31-12-2025,Morning,Sunny,Auto,cmf phone 2 pro,Abdullah Al Mahi,"23.7461,90.3872","Aftab Nagar, Dhaka"
cow_0056_angle1.jpg,0056,1,31-12-2025,Morning,Sunny,Auto,cmf phone 2 pro,Abdullah Al Mahi,"23.7461,90.3872","Aftab Nagar, Dhaka"
cow_0057_angle1.jpg,0057,1,31-12-2025,Morning,Sunny,Auto,cmf phone 2 pro,Abdullah Al Mahi,"23.7461,90.3872","Aftab Nagar, Dhaka"
cow_0058_angle1.jpg,0058,1,31-12-2025,Morning,Sunny,Auto,cmf phone 2 pro,Abdullah Al Mahi,"23.7461,90.3872","Aftab Nagar, Dhaka"
cow_0059_angle1.jpg,0059,1,31-12-2025,Morning,Sunny,Auto,cmf phone 2 pro,Abdullah Al Mahi,"23.7461,90.3872","Aftab Nagar, Dhaka"
cow_0060_angle1.jpg,0060,1,31-12-2025,Morning,Sunny,Auto,cmf phone 2 pro,Abdullah Al Mahi,"23.7461,90.3872","Aftab Nagar, Dhaka"
cow_0061_angle1.jpg,0061,1,31-12-2025,Morning,Sunny,Auto,cmf phone 2 pro,Abdullah Al Mahi,"23.7461,90.3872","Aftab Nagar, Dhaka"
cow_0062_angle1.jpg,0062,1,31-12-2025,Morning,Sunny,Auto,POCO X4 Pro 5G,Sadman Islam Amlan,"23.7461,90.3872","Aftab Nagar, Dhaka"
cow_0063_angle1.jpg,0063,1,31-12-2025,Morning,Sunny,Auto,POCO X4 Pro 5G,Sadman Islam Amlan,"23.7461,90.3872","Aftab Nagar, Dhaka"
cow_0064_angle1.jpg,0064,1,31-12-2025,Morning,Sunny,Auto,POCO X4 Pro 5G,Sadman Islam Amlan,"23.7461,90.3872","Aftab Nagar, Dhaka"
cow_0065_angle1.jpg,0065,1,31-12-2025,Morning,Sunny,Auto,POCO X4 Pro 5G,Sadman Islam Amlan,"23.7461,90.3872","Aftab Nagar, Dhaka"
cow_0066_angle1.jpg,0066,1,31-12-2025,Morning,Sunny,Auto,POCO X4 Pro 5G,Sadman Islam Amlan,"23.7461,90.3872","Aftab Nagar, Dhaka"
cow_0067_angle1.jpg,0067,1,31-12-2025,Morning,Sunny,Auto,POCO X4 Pro 5G,Sadman Islam Amlan,"23.7461,90.3872","Aftab Nagar, Dhaka"
cow_0068_angle1.jpg,0068,1,31-12-2025,Morning,Sunny,Auto,POCO X4 Pro 5G,Sadman Islam Amlan,"23.7461,90.3872","Aftab Nagar, Dhaka"
cow_0069_angle1.jpg,0069,1,31-12-2025,Morning,Sunny,Auto,POCO X4 Pro 5G,Sadman Islam Amlan,"23.7461,90.3872","Aftab Nagar, Dhaka"
cow_0070_angle1.jpg,0070,1,31-12-2025,Morning,Sunny,Auto,POCO X4 Pro 5G,Sadman Islam Amlan,"23.7461,90.3872","Aftab Nagar, Dhaka"
cow_0071_angle1.jpg,0071,1,31-12-2025,Morning,Sunny,Auto,POCO X4 Pro 5G,Sadman Islam Amlan,"23.7461,90.3872","Aftab Nagar, Dhaka"
cow_0072_angle1.jpg,0072,1,31-12-2025,Morning,Sunny,Auto,POCO X4 Pro 5G,Sadman Islam Amlan,"23.7461,90.3872","Aftab Nagar, Dhaka"
cow_0001_angle2.jpg,0001,2,27-11-2025,Morning,Sunny,Auto,POCO X4 Pro 5G,Sadman Islam Amlan,"23.7461,90.3872","Agargaon, Dhaka"
cow_0002_angle2.jpg,0002,2,27-11-2025,Morning,Sunny,Auto,POCO X4 Pro 5G,Sadman Islam Amlan,"23.7461,90.3872","Agargaon, Dhaka"
cow_0003_angle2.jpg,0003,2,27-11-2025,Morning,Sunny,Auto,POCO X4 Pro 5G,Sadman Islam Amlan,"23.7461,90.3872","Agargaon, Dhaka"
cow_0004_angle2.jpg,0004,2,27-11-2025,Morning,Sunny,Auto,POCO X4 Pro 5G,Sadman Islam Amlan,"23.7461,90.3872","Agargaon, Dhaka"
cow_0005_angle2.jpg,0005,2,27-11-2025,Morning,Sunny,Auto,POCO X4 Pro 5G,Sadman Islam Amlan,"23.7461,90.3872","Agargaon, Dhaka"
cow_0006_angle2.jpg,0006,2,27-11-2025,Morning,Sunny,Auto,POCO X4 Pro 5G,Sadman Islam Amlan,"23.7461,90.3872","Agargaon, Dhaka"
cow_0007_angle2.jpg,0007,2,27-11-2025,Morning,Sunny,Auto,POCO X4 Pro 5G,Sadman Islam Amlan,"23.7461,90.3872","Agargaon, Dhaka"
cow_0008_angle2.jpg,0008,2,27-11-2025,Morning,Sunny,Auto,POCO X4 Pro 5G,Sadman Islam Amlan,"23.7461,90.3872","Agargaon, Dhaka"
cow_0009_angle2.jpg,0009,2,27-11-2025,Morning,Sunny,Auto,POCO X4 Pro 5G,Sadman Islam Amlan,"23.7461,90.3872","Agargaon, Dhaka"
cow_0010_angle2.jpg,0010,2,27-11-2025,Morning,Sunny,Auto,POCO X4 Pro 5G,Sadman Islam Amlan,"23.7461,90.3872","Agargaon, Dhaka"
cow_0011_angle2.jpg,0011,2,27-11-2025,Morning,Sunny,Auto,POCO X4 Pro 5G,Sadman Islam Amlan,"23.7461,90.3872","Agargaon, Dhaka"
cow_0012_angle2.jpg,0012,2,27-11-2025,Morning,Sunny,Auto,POCO X4 Pro 5G,Sadman Islam Amlan,"23.7461,90.3872","Agargaon, Dhaka"
cow_0013_angle2.jpg,0013,2,27-11-2025,Morning,Sunny,Auto,POCO X4 Pro 5G,Sadman Islam Amlan,"23.7461,90.3872","Agargaon, Dhaka"
cow_0014_angle2.jpg,0014,2,27-11-2025,Morning,Sunny,Auto,POCO X4 Pro 5G,Sadman Islam Amlan,"23.7461,90.3872","Agargaon, Dhaka"
cow_0015_angle2.jpg,0015,2,27-11-2025,Morning,Sunny,Auto,POCO X4 Pro 5G,Sadman Islam Amlan,"23.7461,90.3872","Agargaon, Dhaka"
cow_0016_angle2.jpg,0016,2,27-11-2025,Morning,Sunny,Auto,POCO X4 Pro 5G,Sadman Islam Amlan,"23.7461,90.3872","Agargaon, Dhaka"
cow_0017_angle2.jpg,0017,2,27-11-2025,Morning,Sunny,Auto,POCO X4 Pro 5G,Sadman Islam Amlan,"23.7461,90.3872","Agargaon, Dhaka"
cow_0018_angle2.jpg,0018,2,27-11-2025,Morning,Sunny,Auto,POCO X4 Pro 5G,Sadman Islam Amlan,"23.7461,90.3872","Agargaon, Dhaka"
cow_0019_angle2.jpg,0019,2,27-11-2025,Morning,Sunny,Auto,POCO X4 Pro 5G,Sadman Islam Amlan,"23.7461,90.3872","Agargaon, Dhaka"
cow_0020_angle2.jpg,0020,2,27-11-2025,Morning,Sunny,Auto,cmf phone 2 pro,Abdullah Al Mahi,"23.7461,90.3872","Agargaon, Dhaka"
cow_0021_angle2.jpg,0021,2,27-11-2025,Morning,Sunny,Auto,cmf phone 2 pro,Abdullah Al Mahi,"23.7461,90.3872","Agargaon, Dhaka"
cow_0022_angle2.jpg,0022,2,27-11-2025,Morning,Sunny,Auto,cmf phone 2 pro,Abdullah Al Mahi,"23.7461,90.3872","Agargaon, Dhaka"
cow_0023_angle2.jpg,0023,2,27-11-2025,Morning,Sunny,Auto,cmf phone 2 pro,Abdullah Al Mahi,"23.7461,90.3872","Agargaon, Dhaka"
cow_0024_angle2.jpg,0024,2,27-11-2025,Morning,Sunny,Auto,cmf phone 2 pro,Abdullah Al Mahi,"23.7461,90.3872","Agargaon, Dhaka"
cow_0025_angle2.jpg,0025,2,27-11-2025,Morning,Sunny,Auto,cmf phone 2 pro,Abdullah Al Mahi,"23.7461,90.3872","Agargaon, Dhaka"
cow_0026_angle2.jpg,0026,2,27-11-2025,Morning,Sunny,Auto,cmf phone 2 pro,Abdullah Al Mahi,"23.7461,90.3872","Agargaon, Dhaka"
cow_0027_angle2.jpg,0027,2,31-12-2025,Morning,Sunny,Auto,cmf phone 2 pro,Abdullah Al Mahi,"23.7461,90.3872","Aftab Nagar, Dhaka"
cow_0028_angle2.jpg,0028,2,31-12-2025,Morning,Sunny,Auto,cmf phone 2 pro,Abdullah Al Mahi,"23.7461,90.3872","Aftab Nagar, Dhaka"
cow_0029_angle2.jpg,0029,2,31-12-2025,Morning,Sunny,Auto,cmf phone 2 pro,Abdullah Al Mahi,"23.7461,90.3872","Aftab Nagar, Dhaka"
cow_0030_angle2.jpg,0030,2,31-12-2025,Morning,Sunny,Auto,cmf phone 2 pro,Abdullah Al Mahi,"23.7461,90.3872","Aftab Nagar, Dhaka"
cow_0031_angle2.jpg,0031,2,31-12-2025,Morning,Sunny,Auto,cmf phone 2 pro,Abdullah Al Mahi,"23.7461,90.3872","Aftab Nagar, Dhaka"
cow_0032_angle2.jpg,0032,2,31-12-2025,Morning,Sunny,Auto,cmf phone 2 pro,Abdullah Al Mahi,"23.7461,90.3872","Aftab Nagar, Dhaka"
cow_0033_angle2.jpg,0033,2,31-12-2025,Morning,Sunny,Auto,cmf phone 2 pro,Abdullah Al Mahi,"23.7461,90.3872","Aftab Nagar, Dhaka"
cow_0034_angle2.jpg,0034,2,31-12-2025,Morning,Sunny,Auto,cmf phone 2 pro,Abdullah Al Mahi,"23.7461,90.3872","Aftab Nagar, Dhaka"
cow_0035_angle2.jpg,0035,2,31-12-2025,Morning,Sunny,Auto,cmf phone 2 pro,Abdullah Al Mahi,"23.7461,90.3872","Aftab Nagar, Dhaka"
cow_0036_angle2.jpg,0036,2,31-12-2025,Morning,Sunny,Auto,cmf phone 2 pro,Abdullah Al Mahi,"23.7461,90.3872","Aftab Nagar, Dhaka"
cow_0037_angle2.jpg,0037,2,31-12-2025,Morning,Sunny,Auto,cmf phone 2 pro,Abdullah Al Mahi,"23.7461,90.3872","Aftab Nagar, Dhaka"
cow_0038_angle2.jpg,0038,2,31-12-2025,Morning,Sunny,Auto,cmf phone 2 pro,Abdullah Al Mahi,"23.7461,90.3872","Aftab Nagar, Dhaka"
cow_0039_angle2.jpg,0039,2,31-12-2025,Morning,Sunny,Auto,cmf phone 2 pro,Abdullah Al Mahi,"23.7461,90.3872","Aftab Nagar, Dhaka"
cow_0040_angle2.jpg,0040,2,31-12-2025,Morning,Sunny,Auto,cmf phone 2 pro,Abdullah Al Mahi,"23.7461,90.3872","Aftab Nagar, Dhaka"
cow_0041_angle2.jpg,0041,2,31-12-2025,Morning,Sunny,Auto,cmf phone 2 pro,Abdullah Al Mahi,"23.7461,90.3872","Aftab Nagar, Dhaka"
cow_0042_angle2.jpg,0042,2,31-12-2025,Morning,Sunny,Auto,cmf phone 2 pro,Abdullah Al Mahi,"23.7461,90.3872","Aftab Nagar, Dhaka"
cow_0043_angle2.jpg,0043,2,31-12-2025,Morning,Sunny,Auto,cmf phone 2 pro,Abdullah Al Mahi,"23.7461,90.3872","Aftab Nagar, Dhaka"
cow_0044_angle2.jpg,0044,2,31-12-2025,Morning,Sunny,Auto,cmf phone 2 pro,Abdullah Al Mahi,"23.7461,90.3872","Aftab Nagar, Dhaka"
cow_0045_angle2.jpg,0045,2,31-12-2025,Morning,Sunny,Auto,cmf phone 2 pro,Abdullah Al Mahi,"23.7461,90.3872","Aftab Nagar, Dhaka"
cow_0046_angle2.jpg,0046,2,31-12-2025,Morning,Sunny,Auto,cmf phone 2 pro,Abdullah Al Mahi,"23.7461,90.3872","Aftab Nagar, Dhaka"
cow_0047_angle2.jpg,0047,2,31-12-2025,Morning,Sunny,Auto,cmf phone 2 pro,Abdullah Al Mahi,"23.7461,90.3872","Aftab Nagar, Dhaka"
cow_0048_angle2.jpg,0048,2,31-12-2025,Morning,Sunny,Auto,cmf phone 2 pro,Abdullah Al Mahi,"23.7461,90.3872","Aftab Nagar, Dhaka"
cow_0049_angle2.jpg,0049,2,31-12-2025,Morning,Sunny,Auto,cmf phone 2 pro,Abdullah Al Mahi,"23.7461,90.3872","Aftab Nagar, Dhaka"
cow_0050_angle2.jpg,0050,2,31-12-2025,Morning,Sunny,Auto,cmf phone 2 pro,Abdullah Al Mahi,"23.7461,90.3872","Aftab Nagar, Dhaka"
cow_0051_angle2.jpg,0051,2,31-12-2025,Morning,Sunny,Auto,cmf phone 2 pro,Abdullah Al Mahi,"23.7461,90.3872","Aftab Nagar, Dhaka"
cow_0052_angle2.jpg,0052,2,31-12-2025,Morning,Sunny,Auto,cmf phone 2 pro,Abdullah Al Mahi,"23.7461,90.3872","Aftab Nagar, Dhaka"
cow_0053_angle2.jpg,0053,2,31-12-2025,Morning,Sunny,Auto,cmf phone 2 pro,Abdullah Al Mahi,"23.7461,90.3872","Aftab Nagar, Dhaka"
cow_0054_angle2.jpg,0054,2,31-12-2025,Morning,Sunny,Auto,cmf phone 2 pro,Abdullah Al Mahi,"23.7461,90.3872","Aftab Nagar, Dhaka"
cow_0055_angle2.jpg,0055,2,31-12-2025,Morning,Sunny,Auto,cmf phone 2 pro,Abdullah Al Mahi,"23.7461,90.3872","Aftab Nagar, Dhaka"
cow_0056_angle2.jpg,0056,2,31-12-2025,Morning,Sunny,Auto,cmf phone 2 pro,Abdullah Al Mahi,"23.7461,90.3872","Aftab Nagar, Dhaka"
cow_0057_angle2.jpg,0057,2,31-12-2025,Morning,Sunny,Auto,cmf phone 2 pro,Abdullah Al Mahi,"23.7461,90.3872","Aftab Nagar, Dhaka"
cow_0058_angle2.jpg,0058,2,31-12-2025,Morning,Sunny,Auto,cmf phone 2 pro,Abdullah Al Mahi,"23.7461,90.3872","Aftab Nagar, Dhaka"
cow_0059_angle2.jpg,0059,2,31-12-2025,Morning,Sunny,Auto,cmf phone 2 pro,Abdullah Al Mahi,"23.7461,90.3872","Aftab Nagar, Dhaka"
cow_0060_angle2.jpg,0060,2,31-12-2025,Morning,Sunny,Auto,cmf phone 2 pro,Abdullah Al Mahi,"23.7461,90.3872","Aftab Nagar, Dhaka"
cow_0061_angle2.jpg,0061,2,31-12-2025,Morning,Sunny,Auto,cmf phone 2 pro,Abdullah Al Mahi,"23.7461,90.3872","Aftab Nagar, Dhaka"
cow_0062_angle2.jpg,0062,2,31-12-2025,Morning,Sunny,Auto,POCO X4 Pro 5G,Sadman Islam Amlan,"23.7461,90.3872","Aftab Nagar, Dhaka"
cow_0063_angle2.jpg,0063,2,31-12-2025,Morning,Sunny,Auto,POCO X4 Pro 5G,Sadman Islam Amlan,"23.7461,90.3872","Aftab Nagar, Dhaka"
cow_0064_angle2.jpg,0064,2,31-12-2025,Morning,Sunny,Auto,POCO X4 Pro 5G,Sadman Islam Amlan,"23.7461,90.3872","Aftab Nagar, Dhaka"
cow_0065_angle2.jpg,0065,2,31-12-2025,Morning,Sunny,Auto,POCO X4 Pro 5G,Sadman Islam Amlan,"23.7461,90.3872","Aftab Nagar, Dhaka"
cow_0066_angle2.jpg,0066,2,31-12-2025,Morning,Sunny,Auto,POCO X4 Pro 5G,Sadman Islam Amlan,"23.7461,90.3872","Aftab Nagar, Dhaka"
cow_0067_angle2.jpg,0067,2,31-12-2025,Morning,Sunny,Auto,POCO X4 Pro 5G,Sadman Islam Amlan,"23.7461,90.3872","Aftab Nagar, Dhaka"
cow_0068_angle2.jpg,0068,2,31-12-2025,Morning,Sunny,Auto,POCO X4 Pro 5G,Sadman Islam Amlan,"23.7461,90.3872","Aftab Nagar, Dhaka"
cow_0069_angle2.jpg,0069,2,31-12-2025,Morning,Sunny,Auto,POCO X4 Pro 5G,Sadman Islam Amlan,"23.7461,90.3872","Aftab Nagar, Dhaka"
cow_0070_angle2.jpg,0070,2,31-12-2025,Morning,Sunny,Auto,POCO X4 Pro 5G,Sadman Islam Amlan,"23.7461,90.3872","Aftab Nagar, Dhaka"
cow_0071_angle2.jpg,0071,2,31-12-2025,Morning,Sunny,Auto,POCO X4 Pro 5G,Sadman Islam Amlan,"23.7461,90.3872","Aftab Nagar, Dhaka"
cow_0072_angle2.jpg,0072,2,31-12-2025,Morning,Sunny,Auto,POCO X4 Pro 5G,Sadman Islam Amlan,"23.7461,90.3872","Aftab Nagar, Dhaka"
cow_0001_angle3.jpg,0001,3,27-11-2025,Morning,Sunny,Auto,POCO X4 Pro 5G,Sadman Islam Amlan,"23.7461,90.3872","Agargaon, Dhaka"
cow_0002_angle3.jpg,0002,3,27-11-2025,Morning,Sunny,Auto,POCO X4 Pro 5G,Sadman Islam Amlan,"23.7461,90.3872","Agargaon, Dhaka"
cow_0003_angle3.jpg,0003,3,27-11-2025,Morning,Sunny,Auto,POCO X4 Pro 5G,Sadman Islam Amlan,"23.7461,90.3872","Agargaon, Dhaka"
cow_0004_angle3.jpg,0004,3,27-11-2025,Morning,Sunny,Auto,POCO X4 Pro 5G,Sadman Islam Amlan,"23.7461,90.3872","Agargaon, Dhaka"
cow_0005_angle3.jpg,0005,3,27-11-2025,Morning,Sunny,Auto,POCO X4 Pro 5G,Sadman Islam Amlan,"23.7461,90.3872","Agargaon, Dhaka"
cow_0006_angle3.jpg,0006,3,27-11-2025,Morning,Sunny,Auto,POCO X4 Pro 5G,Sadman Islam Amlan,"23.7461,90.3872","Agargaon, Dhaka"
cow_0007_angle3.jpg,0007,3,27-11-2025,Morning,Sunny,Auto,POCO X4 Pro 5G,Sadman Islam Amlan,"23.7461,90.3872","Agargaon, Dhaka"
cow_0008_angle3.jpg,0008,3,27-11-2025,Morning,Sunny,Auto,POCO X4 Pro 5G,Sadman Islam Amlan,"23.7461,90.3872","Agargaon, Dhaka"
cow_0009_angle3.jpg,0009,3,27-11-2025,Morning,Sunny,Auto,POCO X4 Pro 5G,Sadman Islam Amlan,"23.7461,90.3872","Agargaon, Dhaka"
cow_0010_angle3.jpg,0010,3,27-11-2025,Morning,Sunny,Auto,POCO X4 Pro 5G,Sadman Islam Amlan,"23.7461,90.3872","Agargaon, Dhaka"
cow_0011_angle3.jpg,0011,3,27-11-2025,Morning,Sunny,Auto,POCO X4 Pro 5G,Sadman Islam Amlan,"23.7461,90.3872","Agargaon, Dhaka"
cow_0012_angle3.jpg,0012,3,27-11-2025,Morning,Sunny,Auto,POCO X4 Pro 5G,Sadman Islam Amlan,"23.7461,90.3872","Agargaon, Dhaka"
cow_0013_angle3.jpg,0013,3,27-11-2025,Morning,Sunny,Auto,POCO X4 Pro 5G,Sadman Islam Amlan,"23.7461,90.3872","Agargaon, Dhaka"
cow_0014_angle3.jpg,0014,3,27-11-2025,Morning,Sunny,Auto,POCO X4 Pro 5G,Sadman Islam Amlan,"23.7461,90.3872","Agargaon, Dhaka"
cow_0015_angle3.jpg,0015,3,27-11-2025,Morning,Sunny,Auto,POCO X4 Pro 5G,Sadman Islam Amlan,"23.7461,90.3872","Agargaon, Dhaka"
cow_0016_angle3.jpg,0016,3,27-11-2025,Morning,Sunny,Auto,POCO X4 Pro 5G,Sadman Islam Amlan,"23.7461,90.3872","Agargaon, Dhaka"
cow_0017_angle3.jpg,0017,3,27-11-2025,Morning,Sunny,Auto,POCO X4 Pro 5G,Sadman Islam Amlan,"23.7461,90.3872","Agargaon, Dhaka"
cow_0018_angle3.jpg,0018,3,27-11-2025,Morning,Sunny,Auto,POCO X4 Pro 5G,Sadman Islam Amlan,"23.7461,90.3872","Agargaon, Dhaka"
cow_0019_angle3.jpg,0019,3,27-11-2025,Morning,Sunny,Auto,POCO X4 Pro 5G,Sadman Islam Amlan,"23.7461,90.3872","Agargaon, Dhaka"
cow_0020_angle3.jpg,0020,3,27-11-2025,Morning,Sunny,Auto,cmf phone 2 pro,Abdullah Al Mahi,"23.7461,90.3872","Agargaon, Dhaka"
cow_0021_angle3.jpg,0021,3,27-11-2025,Morning,Sunny,Auto,cmf phone 2 pro,Abdullah Al Mahi,"23.7461,90.3872","Agargaon, Dhaka"
cow_0022_angle3.jpg,0022,3,27-11-2025,Morning,Sunny,Auto,cmf phone 2 pro,Abdullah Al Mahi,"23.7461,90.3872","Agargaon, Dhaka"
cow_0023_angle3.jpg,0023,3,27-11-2025,Morning,Sunny,Auto,cmf phone 2 pro,Abdullah Al Mahi,"23.7461,90.3872","Agargaon, Dhaka"
cow_0024_angle3.jpg,0024,3,27-11-2025,Morning,Sunny,Auto,cmf phone 2 pro,Abdullah Al Mahi,"23.7461,90.3872","Agargaon, Dhaka"
cow_0025_angle3.jpg,0025,3,27-11-2025,Morning,Sunny,Auto,cmf phone 2 pro,Abdullah Al Mahi,"23.7461,90.3872","Agargaon, Dhaka"
cow_0026_angle3.jpg,0026,3,27-11-2025,Morning,Sunny,Auto,cmf phone 2 pro,Abdullah Al Mahi,"23.7461,90.3872","Agargaon, Dhaka"
cow_0027_angle3.jpg,0027,3,31-12-2025,Morning,Sunny,Auto,cmf phone 2 pro,Abdullah Al Mahi,"23.7461,90.3872","Aftab Nagar, Dhaka"
cow_0028_angle3.jpg,0028,3,31-12-2025,Morning,Sunny,Auto,cmf phone 2 pro,Abdullah Al Mahi,"23.7461,90.3872","Aftab Nagar, Dhaka"
cow_0029_angle3.jpg,0029,3,31-12-2025,Morning,Sunny,Auto,cmf phone 2 pro,Abdullah Al Mahi,"23.7461,90.3872","Aftab Nagar, Dhaka"
cow_0030_angle3.jpg,0030,3,31-12-2025,Morning,Sunny,Auto,cmf phone 2 pro,Abdullah Al Mahi,"23.7461,90.3872","Aftab Nagar, Dhaka"
cow_0031_angle3.jpg,0031,3,31-12-2025,Morning,Sunny,Auto,cmf phone 2 pro,Abdullah Al Mahi,"23.7461,90.3872","Aftab Nagar, Dhaka"
cow_0032_angle3.jpg,0032,3,31-12-2025,Morning,Sunny,Auto,cmf phone 2 pro,Abdullah Al Mahi,"23.7461,90.3872","Aftab Nagar, Dhaka"
cow_0033_angle3.jpg,0033,3,31-12-2025,Morning,Sunny,Auto,cmf phone 2 pro,Abdullah Al Mahi,"23.7461,90.3872","Aftab Nagar, Dhaka"
cow_0034_angle3.jpg,0034,3,31-12-2025,Morning,Sunny,Auto,cmf phone 2 pro,Abdullah Al Mahi,"23.7461,90.3872","Aftab Nagar, Dhaka"
cow_0035_angle3.jpg,0035,3,31-12-2025,Morning,Sunny,Auto,cmf phone 2 pro,Abdullah Al Mahi,"23.7461,90.3872","Aftab Nagar, Dhaka"
cow_0036_angle3.jpg,0036,3,31-12-2025,Morning,Sunny,Auto,cmf phone 2 pro,Abdullah Al Mahi,"23.7461,90.3872","Aftab Nagar, Dhaka"
cow_0037_angle3.jpg,0037,3,31-12-2025,Morning,Sunny,Auto,cmf phone 2 pro,Abdullah Al Mahi,"23.7461,90.3872","Aftab Nagar, Dhaka"
cow_0038_angle3.jpg,0038,3,31-12-2025,Morning,Sunny,Auto,cmf phone 2 pro,Abdullah Al Mahi,"23.7461,90.3872","Aftab Nagar, Dhaka"
cow_0039_angle3.jpg,0039,3,31-12-2025,Morning,Sunny,Auto,cmf phone 2 pro,Abdullah Al Mahi,"23.7461,90.3872","Aftab Nagar, Dhaka"
cow_0040_angle3.jpg,0040,3,31-12-2025,Morning,Sunny,Auto,cmf phone 2 pro,Abdullah Al Mahi,"23.7461,90.3872","Aftab Nagar, Dhaka"
cow_0041_angle3.jpg,0041,3,31-12-2025,Morning,Sunny,Auto,cmf phone 2 pro,Abdullah Al Mahi,"23.7461,90.3872","Aftab Nagar, Dhaka"
cow_0042_angle3.jpg,0042,3,31-12-2025,Morning,Sunny,Auto,cmf phone 2 pro,Abdullah Al Mahi,"23.7461,90.3872","Aftab Nagar, Dhaka"
cow_0043_angle3.jpg,0043,3,31-12-2025,Morning,Sunny,Auto,cmf phone 2 pro,Abdullah Al Mahi,"23.7461,90.3872","Aftab Nagar, Dhaka"
cow_0044_angle3.jpg,0044,3,31-12-2025,Morning,Sunny,Auto,cmf phone 2 pro,Abdullah Al Mahi,"23.7461,90.3872","Aftab Nagar, Dhaka"
cow_0045_angle3.jpg,0045,3,31-12-2025,Morning,Sunny,Auto,cmf phone 2 pro,Abdullah Al Mahi,"23.7461,90.3872","Aftab Nagar, Dhaka"
cow_0046_angle3.jpg,0046,3,31-12-2025,Morning,Sunny,Auto,cmf phone 2 pro,Abdullah Al Mahi,"23.7461,90.3872","Aftab Nagar, Dhaka"
cow_0047_angle3.jpg,0047,3,31-12-2025,Morning,Sunny,Auto,cmf phone 2 pro,Abdullah Al Mahi,"23.7461,90.3872","Aftab Nagar, Dhaka"
cow_0048_angle3.jpg,0048,3,31-12-2025,Morning,Sunny,Auto,cmf phone 2 pro,Abdullah Al Mahi,"23.7461,90.3872","Aftab Nagar, Dhaka"
cow_0049_angle3.jpg,0049,3,31-12-2025,Morning,Sunny,Auto,cmf phone 2 pro,Abdullah Al Mahi,"23.7461,90.3872","Aftab Nagar, Dhaka"
cow_0050_angle3.jpg,0050,3,31-12-2025,Morning,Sunny,Auto,cmf phone 2 pro,Abdullah Al Mahi,"23.7461,90.3872","Aftab Nagar, Dhaka"
cow_0051_angle3.jpg,0051,3,31-12-2025,Morning,Sunny,Auto,cmf phone 2 pro,Abdullah Al Mahi,"23.7461,90.3872","Aftab Nagar, Dhaka"
cow_0052_angle3.jpg,0052,3,31-12-2025,Morning,Sunny,Auto,cmf phone 2 pro,Abdullah Al Mahi,"23.7461,90.3872","Aftab Nagar, Dhaka"
cow_0053_angle3.jpg,0053,3,31-12-2025,Morning,Sunny,Auto,cmf phone 2 pro,Abdullah Al Mahi,"23.7461,90.3872","Aftab Nagar, Dhaka"
cow_0054_angle3.jpg,0054,3,31-12-2025,Morning,Sunny,Auto,cmf phone 2 pro,Abdullah Al Mahi,"23.7461,90.3872","Aftab Nagar, Dhaka"
cow_0055_angle3.jpg,0055,3,31-12-2025,Morning,Sunny,Auto,cmf phone 2 pro,Abdullah Al Mahi,"23.7461,90.3872","Aftab Nagar, Dhaka"
cow_0056_angle3.jpg,0056,3,31-12-2025,Morning,Sunny,Auto,cmf phone 2 pro,Abdullah Al Mahi,"23.7461,90.3872","Aftab Nagar, Dhaka"
cow_0057_angle3.jpg,0057,3,31-12-2025,Morning,Sunny,Auto,cmf phone 2 pro,Abdullah Al Mahi,"23.7461,90.3872","Aftab Nagar, Dhaka"
cow_0058_angle3.jpg,0058,3,31-12-2025,Morning,Sunny,Auto,cmf phone 2 pro,Abdullah Al Mahi,"23.7461,90.3872","Aftab Nagar, Dhaka"
cow_0059_angle3.jpg,0059,3,31-12-2025,Morning,Sunny,Auto,cmf phone 2 pro,Abdullah Al Mahi,"23.7461,90.3872","Aftab Nagar, Dhaka"
cow_0060_angle3.jpg,0060,3,31-12-2025,Morning,Sunny,Auto,cmf phone 2 pro,Abdullah Al Mahi,"23.7461,90.3872","Aftab Nagar, Dhaka"
cow_0061_angle3.jpg,0061,3,31-12-2025,Morning,Sunny,Auto,cmf phone 2 pro,Abdullah Al Mahi,"23.7461,90.3872","Aftab Nagar, Dhaka"
cow_0062_angle3.jpg,0062,3,31-12-2025,Morning,Sunny,Auto,POCO X4 Pro 5G,Sadman Islam Amlan,"23.7461,90.3872","Aftab Nagar, Dhaka"
cow_0063_angle3.jpg,0063,3,31-12-2025,Morning,Sunny,Auto,POCO X4 Pro 5G,Sadman Islam Amlan,"23.7461,90.3872","Aftab Nagar, Dhaka"
cow_0064_angle3.jpg,0064,3,31-12-2025,Morning,Sunny,Auto,POCO X4 Pro 5G,Sadman Islam Amlan,"23.7461,90.3872","Aftab Nagar, Dhaka"
cow_0065_angle3.jpg,0065,3,31-12-2025,Morning,Sunny,Auto,POCO X4 Pro 5G,Sadman Islam Amlan,"23.7461,90.3872","Aftab Nagar, Dhaka"
cow_0066_angle3.jpg,0066,3,31-12-2025,Morning,Sunny,Auto,POCO X4 Pro 5G,Sadman Islam Amlan,"23.7461,90.3872","Aftab Nagar, Dhaka"
cow_0067_angle3.jpg,0067,3,31-12-2025,Morning,Sunny,Auto,POCO X4 Pro 5G,Sadman Islam Amlan,"23.7461,90.3872","Aftab Nagar, Dhaka"
cow_0068_angle3.jpg,0068,3,31-12-2025,Morning,Sunny,Auto,POCO X4 Pro 5G,Sadman Islam Amlan,"23.7461,90.3872","Aftab Nagar, Dhaka"
cow_0069_angle3.jpg,0069,3,31-12-2025,Morning,Sunny,Auto,POCO X4 Pro 5G,Sadman Islam Amlan,"23.7461,90.3872","Aftab Nagar, Dhaka"
cow_0070_angle3.jpg,0070,3,31-12-2025,Morning,Sunny,Auto,POCO X4 Pro 5G,Sadman Islam Amlan,"23.7461,90.3872","Aftab Nagar, Dhaka"
cow_0071_angle3.jpg,0071,3,31-12-2025,Morning,Sunny,Auto,POCO X4 Pro 5G,Sadman Islam Amlan,"23.7461,90.3872","Aftab Nagar, Dhaka"
cow_0072_angle3.jpg,0072,3,31-12-2025,Morning,Sunny,Auto,POCO X4 Pro 5G,Sadman Islam Amlan,"23.7461,90.3872","Aftab Nagar, Dhaka"
cow_0001_angle4.jpg,0001,4,27-11-2025,Morning,Sunny,Auto,POCO X4 Pro 5G,Sadman Islam Amlan,"23.7461,90.3872","Agargaon, Dhaka"
cow_0002_angle4.jpg,0002,4,27-11-2025,Morning,Sunny,Auto,POCO X4 Pro 5G,Sadman Islam Amlan,"23.7461,90.3872","Agargaon, Dhaka"
cow_0003_angle4.jpg,0003,4,27-11-2025,Morning,Sunny,Auto,POCO X4 Pro 5G,Sadman Islam Amlan,"23.7461,90.3872","Agargaon, Dhaka"
cow_0004_angle4.jpg,0004,4,27-11-2025,Morning,Sunny,Auto,POCO X4 Pro 5G,Sadman Islam Amlan,"23.7461,90.3872","Agargaon, Dhaka"
cow_0005_angle4.jpg,0005,4,27-11-2025,Morning,Sunny,Auto,POCO X4 Pro 5G,Sadman Islam Amlan,"23.7461,90.3872","Agargaon, Dhaka"
cow_0006_angle4.jpg,0006,4,27-11-2025,Morning,Sunny,Auto,POCO X4 Pro 5G,Sadman Islam Amlan,"23.7461,90.3872","Agargaon, Dhaka"
cow_0007_angle4.jpg,0007,4,27-11-2025,Morning,Sunny,Auto,POCO X4 Pro 5G,Sadman Islam Amlan,"23.7461,90.3872","Agargaon, Dhaka"
cow_0008_angle4.jpg,0008,4,27-11-2025,Morning,Sunny,Auto,POCO X4 Pro 5G,Sadman Islam Amlan,"23.7461,90.3872","Agargaon, Dhaka"
cow_0009_angle4.jpg,0009,4,27-11-2025,Morning,Sunny,Auto,POCO X4 Pro 5G,Sadman Islam Amlan,"23.7461,90.3872","Agargaon, Dhaka"
cow_0010_angle4.jpg,0010,4,27-11-2025,Morning,Sunny,Auto,POCO X4 Pro 5G,Sadman Islam Amlan,"23.7461,90.3872","Agargaon, Dhaka"
cow_0011_angle4.jpg,0011,4,27-11-2025,Morning,Sunny,Auto,POCO X4 Pro 5G,Sadman Islam Amlan,"23.7461,90.3872","Agargaon, Dhaka"
cow_0012_angle4.jpg,0012,4,27-11-2025,Morning,Sunny,Auto,POCO X4 Pro 5G,Sadman Islam Amlan,"23.7461,90.3872","Agargaon, Dhaka"
cow_0013_angle4.jpg,0013,4,27-11-2025,Morning,Sunny,Auto,POCO X4 Pro 5G,Sadman Islam Amlan,"23.7461,90.3872","Agargaon, Dhaka"
cow_0014_angle4.jpg,0014,4,27-11-2025,Morning,Sunny,Auto,POCO X4 Pro 5G,Sadman Islam Amlan,"23.7461,90.3872","Agargaon, Dhaka"
cow_0015_angle4.jpg,0015,4,27-11-2025,Morning,Sunny,Auto,POCO X4 Pro 5G,Sadman Islam Amlan,"23.7461,90.3872","Agargaon, Dhaka"
cow_0016_angle4.jpg,0016,4,27-11-2025,Morning,Sunny,Auto,POCO X4 Pro 5G,Sadman Islam Amlan,"23.7461,90.3872","Agargaon, Dhaka"
cow_0017_angle4.jpg,0017,4,27-11-2025,Morning,Sunny,Auto,POCO X4 Pro 5G,Sadman Islam Amlan,"23.7461,90.3872","Agargaon, Dhaka"
cow_0018_angle4.jpg,0018,4,27-11-2025,Morning,Sunny,Auto,POCO X4 Pro 5G,Sadman Islam Amlan,"23.7461,90.3872","Agargaon, Dhaka"
cow_0019_angle4.jpg,0019,4,27-11-2025,Morning,Sunny,Auto,POCO X4 Pro 5G,Sadman Islam Amlan,"23.7461,90.3872","Agargaon, Dhaka"
cow_0020_angle4.jpg,0020,4,27-11-2025,Morning,Sunny,Auto,cmf phone 2 pro,Abdullah Al Mahi,"23.7461,90.3872","Agargaon, Dhaka"
cow_0021_angle4.jpg,0021,4,27-11-2025,Morning,Sunny,Auto,cmf phone 2 pro,Abdullah Al Mahi,"23.7461,90.3872","Agargaon, Dhaka"
cow_0022_angle4.jpg,0022,4,27-11-2025,Morning,Sunny,Auto,cmf phone 2 pro,Abdullah Al Mahi,"23.7461,90.3872","Agargaon, Dhaka"
cow_0023_angle4.jpg,0023,4,27-11-2025,Morning,Sunny,Auto,cmf phone 2 pro,Abdullah Al Mahi,"23.7461,90.3872","Agargaon, Dhaka"
cow_0024_angle4.jpg,0024,4,27-11-2025,Morning,Sunny,Auto,cmf phone 2 pro,Abdullah Al Mahi,"23.7461,90.3872","Agargaon, Dhaka"
cow_0025_angle4.jpg,0025,4,27-11-2025,Morning,Sunny,Auto,cmf phone 2 pro,Abdullah Al Mahi,"23.7461,90.3872","Agargaon, Dhaka"
cow_0026_angle4.jpg,0026,4,27-11-2025,Morning,Sunny,Auto,cmf phone 2 pro,Abdullah Al Mahi,"23.7461,90.3872","Agargaon, Dhaka"
cow_0027_angle4.jpg,0027,4,31-12-2025,Morning,Sunny,Auto,cmf phone 2 pro,Abdullah Al Mahi,"23.7461,90.3872","Aftab Nagar, Dhaka"
cow_0028_angle4.jpg,0028,4,31-12-2025,Morning,Sunny,Auto,cmf phone 2 pro,Abdullah Al Mahi,"23.7461,90.3872","Aftab Nagar, Dhaka"
cow_0029_angle4.jpg,0029,4,31-12-2025,Morning,Sunny,Auto,cmf phone 2 pro,Abdullah Al Mahi,"23.7461,90.3872","Aftab Nagar, Dhaka"
cow_0030_angle4.jpg,0030,4,31-12-2025,Morning,Sunny,Auto,cmf phone 2 pro,Abdullah Al Mahi,"23.7461,90.3872","Aftab Nagar, Dhaka"
cow_0031_angle4.jpg,0031,4,31-12-2025,Morning,Sunny,Auto,cmf phone 2 pro,Abdullah Al Mahi,"23.7461,90.3872","Aftab Nagar, Dhaka"
cow_0032_angle4.jpg,0032,4,31-12-2025,Morning,Sunny,Auto,cmf phone 2 pro,Abdullah Al Mahi,"23.7461,90.3872","Aftab Nagar, Dhaka"
cow_0033_angle4.jpg,0033,4,31-12-2025,Morning,Sunny,Auto,cmf phone 2 pro,Abdullah Al Mahi,"23.7461,90.3872","Aftab Nagar, Dhaka"
cow_0034_angle4.jpg,0034,4,31-12-2025,Morning,Sunny,Auto,cmf phone 2 pro,Abdullah Al Mahi,"23.7461,90.3872","Aftab Nagar, Dhaka"
cow_0035_angle4.jpg,0035,4,31-12-2025,Morning,Sunny,Auto,cmf phone 2 pro,Abdullah Al Mahi,"23.7461,90.3872","Aftab Nagar, Dhaka"
cow_0036_angle4.jpg,0036,4,31-12-2025,Morning,Sunny,Auto,cmf phone 2 pro,Abdullah Al Mahi,"23.7461,90.3872","Aftab Nagar, Dhaka"
cow_0037_angle4.jpg,0037,4,31-12-2025,Morning,Sunny,Auto,cmf phone 2 pro,Abdullah Al Mahi,"23.7461,90.3872","Aftab Nagar, Dhaka"
cow_0038_angle4.jpg,0038,4,31-12-2025,Morning,Sunny,Auto,cmf phone 2 pro,Abdullah Al Mahi,"23.7461,90.3872","Aftab Nagar, Dhaka"
cow_0039_angle4.jpg,0039,4,31-12-2025,Morning,Sunny,Auto,cmf phone 2 pro,Abdullah Al Mahi,"23.7461,90.3872","Aftab Nagar, Dhaka"
cow_0040_angle4.jpg,0040,4,31-12-2025,Morning,Sunny,Auto,cmf phone 2 pro,Abdullah Al Mahi,"23.7461,90.3872","Aftab Nagar, Dhaka"
cow_0041_angle4.jpg,0041,4,31-12-2025,Morning,Sunny,Auto,cmf phone 2 pro,Abdullah Al Mahi,"23.7461,90.3872","Aftab Nagar, Dhaka"
cow_0042_angle4.jpg,0042,4,31-12-2025,Morning,Sunny,Auto,cmf phone 2 pro,Abdullah Al Mahi,"23.7461,90.3872","Aftab Nagar, Dhaka"
cow_0043_angle4.jpg,0043,4,31-12-2025,Morning,Sunny,Auto,cmf phone 2 pro,Abdullah Al Mahi,"23.7461,90.3872","Aftab Nagar, Dhaka"
cow_0044_angle4.jpg,0044,4,31-12-2025,Morning,Sunny,Auto,cmf phone 2 pro,Abdullah Al Mahi,"23.7461,90.3872","Aftab Nagar, Dhaka"
cow_0045_angle4.jpg,0045,4,31-12-2025,Morning,Sunny,Auto,cmf phone 2 pro,Abdullah Al Mahi,"23.7461,90.3872","Aftab Nagar, Dhaka"
cow_0046_angle4.jpg,0046,4,31-12-2025,Morning,Sunny,Auto,cmf phone 2 pro,Abdullah Al Mahi,"23.7461,90.3872","Aftab Nagar, Dhaka"
cow_0047_angle4.jpg,0047,4,31-12-2025,Morning,Sunny,Auto,cmf phone 2 pro,Abdullah Al Mahi,"23.7461,90.3872","Aftab Nagar, Dhaka"
cow_0048_angle4.jpg,0048,4,31-12-2025,Morning,Sunny,Auto,cmf phone 2 pro,Abdullah Al Mahi,"23.7461,90.3872","Aftab Nagar, Dhaka"
cow_0049_angle4.jpg,0049,4,31-12-2025,Morning,Sunny,Auto,cmf phone 2 pro,Abdullah Al Mahi,"23.7461,90.3872","Aftab Nagar, Dhaka"
cow_0050_angle4.jpg,0050,4,31-12-2025,Morning,Sunny,Auto,cmf phone 2 pro,Abdullah Al Mahi,"23.7461,90.3872","Aftab Nagar, Dhaka"
cow_0051_angle4.jpg,0051,4,31-12-2025,Morning,Sunny,Auto,cmf phone 2 pro,Abdullah Al Mahi,"23.7461,90.3872","Aftab Nagar, Dhaka"
cow_0052_angle4.jpg,0052,4,31-12-2025,Morning,Sunny,Auto,cmf phone 2 pro,Abdullah Al Mahi,"23.7461,90.3872","Aftab Nagar, Dhaka"
cow_0053_angle4.jpg,0053,4,31-12-2025,Morning,Sunny,Auto,cmf phone 2 pro,Abdullah Al Mahi,"23.7461,90.3872","Aftab Nagar, Dhaka"
cow_0054_angle4.jpg,0054,4,31-12-2025,Morning,Sunny,Auto,cmf phone 2 pro,Abdullah Al Mahi,"23.7461,90.3872","Aftab Nagar, Dhaka"
cow_0055_angle4.jpg,0055,4,31-12-2025,Morning,Sunny,Auto,cmf phone 2 pro,Abdullah Al Mahi,"23.7461,90.3872","Aftab Nagar, Dhaka"
cow_0056_angle4.jpg,0056,4,31-12-2025,Morning,Sunny,Auto,cmf phone 2 pro,Abdullah Al Mahi,"23.7461,90.3872","Aftab Nagar, Dhaka"
cow_0057_angle4.jpg,0057,4,31-12-2025,Morning,Sunny,Auto,cmf phone 2 pro,Abdullah Al Mahi,"23.7461,90.3872","Aftab Nagar, Dhaka"
cow_0058_angle4.jpg,0058,4,31-12-2025,Morning,Sunny,Auto,cmf phone 2 pro,Abdullah Al Mahi,"23.7461,90.3872","Aftab Nagar, Dhaka"
cow_0059_angle4.jpg,0059,4,31-12-2025,Morning,Sunny,Auto,cmf phone 2 pro,Abdullah Al Mahi,"23.7461,90.3872","Aftab Nagar, Dhaka"
cow_0060_angle4.jpg,0060,4,31-12-2025,Morning,Sunny,Auto,cmf phone 2 pro,Abdullah Al Mahi,"23.7461,90.3872","Aftab Nagar, Dhaka"
cow_0061_angle4.jpg,0061,4,31-12-2025,Morning,Sunny,Auto,cmf phone 2 pro,Abdullah Al Mahi,"23.7461,90.3872","Aftab Nagar, Dhaka"
cow_0062_angle4.jpg,0062,4,31-12-2025,Morning,Sunny,Auto,POCO X4 Pro 5G,Sadman Islam Amlan,"23.7461,90.3872","Aftab Nagar, Dhaka"
cow_0063_angle4.jpg,0063,4,31-12-2025,Morning,Sunny,Auto,POCO X4 Pro 5G,Sadman Islam Amlan,"23.7461,90.3872","Aftab Nagar, Dhaka"
cow_0064_angle4.jpg,0064,4,31-12-2025,Morning,Sunny,Auto,POCO X4 Pro 5G,Sadman Islam Amlan,"23.7461,90.3872","Aftab Nagar, Dhaka"
cow_0065_angle4.jpg,0065,4,31-12-2025,Morning,Sunny,Auto,POCO X4 Pro 5G,Sadman Islam Amlan,"23.7461,90.3872","Aftab Nagar, Dhaka"
cow_0066_angle4.jpg,0066,4,31-12-2025,Morning,Sunny,Auto,POCO X4 Pro 5G,Sadman Islam Amlan,"23.7461,90.3872","Aftab Nagar, Dhaka"
cow_0067_angle4.jpg,0067,4,31-12-2025,Morning,Sunny,Auto,POCO X4 Pro 5G,Sadman Islam Amlan,"23.7461,90.3872","Aftab Nagar, Dhaka"
cow_0068_angle4.jpg,0068,4,31-12-2025,Morning,Sunny,Auto,POCO X4 Pro 5G,Sadman Islam Amlan,"23.7461,90.3872","Aftab Nagar, Dhaka"
cow_0069_angle4.jpg,0069,4,31-12-2025,Morning,Sunny,Auto,POCO X4 Pro 5G,Sadman Islam Amlan,"23.7461,90.3872","Aftab Nagar, Dhaka"
cow_0070_angle4.jpg,0070,4,31-12-2025,Morning,Sunny,Auto,POCO X4 Pro 5G,Sadman Islam Amlan,"23.7461,90.3872","Aftab Nagar, Dhaka"
cow_0071_angle4.jpg,0071,4,31-12-2025,Morning,Sunny,Auto,POCO X4 Pro 5G,Sadman Islam Amlan,"23.7461,90.3872","Aftab Nagar, Dhaka"
cow_0072_angle4.jpg,0072,4,31-12-2025,Morning,Sunny,Auto,POCO X4 Pro 5G,Sadman Islam Amlan,"23.7461,90.3872","Aftab Nagar, Dhaka"
cow_0001_angle5.jpg,0001,5,27-11-2025,Morning,Sunny,Auto,POCO X4 Pro 5G,Sadman Islam Amlan,"23.7461,90.3872","Agargaon, Dhaka"
cow_0002_angle5.jpg,0002,5,27-11-2025,Morning,Sunny,Auto,POCO X4 Pro 5G,Sadman Islam Amlan,"23.7461,90.3872","Agargaon, Dhaka"
cow_0003_angle5.jpg,0003,5,27-11-2025,Morning,Sunny,Auto,POCO X4 Pro 5G,Sadman Islam Amlan,"23.7461,90.3872","Agargaon, Dhaka"
cow_0004_angle5.jpg,0004,5,27-11-2025,Morning,Sunny,Auto,POCO X4 Pro 5G,Sadman Islam Amlan,"23.7461,90.3872","Agargaon, Dhaka"
cow_0005_angle5.jpg,0005,5,27-11-2025,Morning,Sunny,Auto,POCO X4 Pro 5G,Sadman Islam Amlan,"23.7461,90.3872","Agargaon, Dhaka"
cow_0006_angle5.jpg,0006,5,27-11-2025,Morning,Sunny,Auto,POCO X4 Pro 5G,Sadman Islam Amlan,"23.7461,90.3872","Agargaon, Dhaka"
cow_0007_angle5.jpg,0007,5,27-11-2025,Morning,Sunny,Auto,POCO X4 Pro 5G,Sadman Islam Amlan,"23.7461,90.3872","Agargaon, Dhaka"
cow_0008_angle5.jpg,0008,5,27-11-2025,Morning,Sunny,Auto,POCO X4 Pro 5G,Sadman Islam Amlan,"23.7461,90.3872","Agargaon, Dhaka"
cow_0009_angle5.jpg,0009,5,27-11-2025,Morning,Sunny,Auto,POCO X4 Pro 5G,Sadman Islam Amlan,"23.7461,90.3872","Agargaon, Dhaka"
cow_0010_angle5.jpg,0010,5,27-11-2025,Morning,Sunny,Auto,POCO X4 Pro 5G,Sadman Islam Amlan,"23.7461,90.3872","Agargaon, Dhaka"
cow_0011_angle5.jpg,0011,5,27-11-2025,Morning,Sunny,Auto,POCO X4 Pro 5G,Sadman Islam Amlan,"23.7461,90.3872","Agargaon, Dhaka"
cow_0012_angle5.jpg,0012,5,27-11-2025,Morning,Sunny,Auto,POCO X4 Pro 5G,Sadman Islam Amlan,"23.7461,90.3872","Agargaon, Dhaka"
cow_0013_angle5.jpg,0013,5,27-11-2025,Morning,Sunny,Auto,POCO X4 Pro 5G,Sadman Islam Amlan,"23.7461,90.3872","Agargaon, Dhaka"
cow_0014_angle5.jpg,0014,5,27-11-2025,Morning,Sunny,Auto,POCO X4 Pro 5G,Sadman Islam Amlan,"23.7461,90.3872","Agargaon, Dhaka"
cow_0015_angle5.jpg,0015,5,27-11-2025,Morning,Sunny,Auto,POCO X4 Pro 5G,Sadman Islam Amlan,"23.7461,90.3872","Agargaon, Dhaka"
cow_0016_angle5.jpg,0016,5,27-11-2025,Morning,Sunny,Auto,POCO X4 Pro 5G,Sadman Islam Amlan,"23.7461,90.3872","Agargaon, Dhaka"
cow_0017_angle5.jpg,0017,5,27-11-2025,Morning,Sunny,Auto,POCO X4 Pro 5G,Sadman Islam Amlan,"23.7461,90.3872","Agargaon, Dhaka"
cow_0018_angle5.jpg,0018,5,27-11-2025,Morning,Sunny,Auto,POCO X4 Pro 5G,Sadman Islam Amlan,"23.7461,90.3872","Agargaon, Dhaka"
cow_0019_angle5.jpg,0019,5,27-11-2025,Morning,Sunny,Auto,POCO X4 Pro 5G,Sadman Islam Amlan,"23.7461,90.3872","Agargaon, Dhaka"
cow_0020_angle5.jpg,0020,5,27-11-2025,Morning,Sunny,Auto,cmf phone 2 pro,Abdullah Al Mahi,"23.7461,90.3872","Agargaon, Dhaka"
cow_0021_angle5.jpg,0021,5,27-11-2025,Morning,Sunny,Auto,cmf phone 2 pro,Abdullah Al Mahi,"23.7461,90.3872","Agargaon, Dhaka"
cow_0022_angle5.jpg,0022,5,27-11-2025,Morning,Sunny,Auto,cmf phone 2 pro,Abdullah Al Mahi,"23.7461,90.3872","Agargaon, Dhaka"
cow_0023_angle5.jpg,0023,5,27-11-2025,Morning,Sunny,Auto,cmf phone 2 pro,Abdullah Al Mahi,"23.7461,90.3872","Agargaon, Dhaka"
cow_0024_angle5.jpg,0024,5,27-11-2025,Morning,Sunny,Auto,cmf phone 2 pro,Abdullah Al Mahi,"23.7461,90.3872","Agargaon, Dhaka"
cow_0025_angle5.jpg,0025,5,27-11-2025,Morning,Sunny,Auto,cmf phone 2 pro,Abdullah Al Mahi,"23.7461,90.3872","Agargaon, Dhaka"
cow_0026_angle5.jpg,0026,5,27-11-2025,Morning,Sunny,Auto,cmf phone 2 pro,Abdullah Al Mahi,"23.7461,90.3872","Agargaon, Dhaka"
cow_0027_angle5.jpg,0027,5,31-12-2025,Morning,Sunny,Auto,cmf phone 2 pro,Abdullah Al Mahi,"23.7461,90.3872","Aftab Nagar, Dhaka"
cow_0028_angle5.jpg,0028,5,31-12-2025,Morning,Sunny,Auto,cmf phone 2 pro,Abdullah Al Mahi,"23.7461,90.3872","Aftab Nagar, Dhaka"
cow_0029_angle5.jpg,0029,5,31-12-2025,Morning,Sunny,Auto,cmf phone 2 pro,Abdullah Al Mahi,"23.7461,90.3872","Aftab Nagar, Dhaka"
cow_0030_angle5.jpg,0030,5,31-12-2025,Morning,Sunny,Auto,cmf phone 2 pro,Abdullah Al Mahi,"23.7461,90.3872","Aftab Nagar, Dhaka"
cow_0031_angle5.jpg,0031,5,31-12-2025,Morning,Sunny,Auto,cmf phone 2 pro,Abdullah Al Mahi,"23.7461,90.3872","Aftab Nagar, Dhaka"
cow_0032_angle5.jpg,0032,5,31-12-2025,Morning,Sunny,Auto,cmf phone 2 pro,Abdullah Al Mahi,"23.7461,90.3872","Aftab Nagar, Dhaka"
cow_0033_angle5.jpg,0033,5,31-12-2025,Morning,Sunny,Auto,cmf phone 2 pro,Abdullah Al Mahi,"23.7461,90.3872","Aftab Nagar, Dhaka"
cow_0034_angle5.jpg,0034,5,31-12-2025,Morning,Sunny,Auto,cmf phone 2 pro,Abdullah Al Mahi,"23.7461,90.3872","Aftab Nagar, Dhaka"
cow_0035_angle5.jpg,0035,5,31-12-2025,Morning,Sunny,Auto,cmf phone 2 pro,Abdullah Al Mahi,"23.7461,90.3872","Aftab Nagar, Dhaka"
cow_0036_angle5.jpg,0036,5,31-12-2025,Morning,Sunny,Auto,cmf phone 2 pro,Abdullah Al Mahi,"23.7461,90.3872","Aftab Nagar, Dhaka"
cow_0037_angle5.jpg,0037,5,31-12-2025,Morning,Sunny,Auto,cmf phone 2 pro,Abdullah Al Mahi,"23.7461,90.3872","Aftab Nagar, Dhaka"
cow_0038_angle5.jpg,0038,5,31-12-2025,Morning,Sunny,Auto,cmf phone 2 pro,Abdullah Al Mahi,"23.7461,90.3872","Aftab Nagar, Dhaka"
cow_0039_angle5.jpg,0039,5,31-12-2025,Morning,Sunny,Auto,cmf phone 2 pro,Abdullah Al Mahi,"23.7461,90.3872","Aftab Nagar, Dhaka"
cow_0040_angle5.jpg,0040,5,31-12-2025,Morning,Sunny,Auto,cmf phone 2 pro,Abdullah Al Mahi,"23.7461,90.3872","Aftab Nagar, Dhaka"
cow_0041_angle5.jpg,0041,5,31-12-2025,Morning,Sunny,Auto,cmf phone 2 pro,Abdullah Al Mahi,"23.7461,90.3872","Aftab Nagar, Dhaka"
cow_0042_angle5.jpg,0042,5,31-12-2025,Morning,Sunny,Auto,cmf phone 2 pro,Abdullah Al Mahi,"23.7461,90.3872","Aftab Nagar, Dhaka"
cow_0043_angle5.jpg,0043,5,31-12-2025,Morning,Sunny,Auto,cmf phone 2 pro,Abdullah Al Mahi,"23.7461,90.3872","Aftab Nagar, Dhaka"
cow_0044_angle5.jpg,0044,5,31-12-2025,Morning,Sunny,Auto,cmf phone 2 pro,Abdullah Al Mahi,"23.7461,90.3872","Aftab Nagar, Dhaka"
cow_0045_angle5.jpg,0045,5,31-12-2025,Morning,Sunny,Auto,cmf phone 2 pro,Abdullah Al Mahi,"23.7461,90.3872","Aftab Nagar, Dhaka"
cow_0046_angle5.jpg,0046,5,31-12-2025,Morning,Sunny,Auto,cmf phone 2 pro,Abdullah Al Mahi,"23.7461,90.3872","Aftab Nagar, Dhaka"
cow_0047_angle5.jpg,0047,5,31-12-2025,Morning,Sunny,Auto,cmf phone 2 pro,Abdullah Al Mahi,"23.7461,90.3872","Aftab Nagar, Dhaka"
cow_0048_angle5.jpg,0048,5,31-12-2025,Morning,Sunny,Auto,cmf phone 2 pro,Abdullah Al Mahi,"23.7461,90.3872","Aftab Nagar, Dhaka"
cow_0049_angle5.jpg,0049,5,31-12-2025,Morning,Sunny,Auto,cmf phone 2 pro,Abdullah Al Mahi,"23.7461,90.3872","Aftab Nagar, Dhaka"
cow_0050_angle5.jpg,0050,5,31-12-2025,Morning,Sunny,Auto,cmf phone 2 pro,Abdullah Al Mahi,"23.7461,90.3872","Aftab Nagar, Dhaka"
cow_0051_angle5.jpg,0051,5,31-12-2025,Morning,Sunny,Auto,cmf phone 2 pro,Abdullah Al Mahi,"23.7461,90.3872","Aftab Nagar, Dhaka"
cow_0052_angle5.jpg,0052,5,31-12-2025,Morning,Sunny,Auto,cmf phone 2 pro,Abdullah Al Mahi,"23.7461,90.3872","Aftab Nagar, Dhaka"
cow_0053_angle5.jpg,0053,5,31-12-2025,Morning,Sunny,Auto,cmf phone 2 pro,Abdullah Al Mahi,"23.7461,90.3872","Aftab Nagar, Dhaka"
cow_0054_angle5.jpg,0054,5,31-12-2025,Morning,Sunny,Auto,cmf phone 2 pro,Abdullah Al Mahi,"23.7461,90.3872","Aftab Nagar, Dhaka"
cow_0055_angle5.jpg,0055,5,31-12-2025,Morning,Sunny,Auto,cmf phone 2 pro,Abdullah Al Mahi,"23.7461,90.3872","Aftab Nagar, Dhaka"
cow_0056_angle5.jpg,0056,5,31-12-2025,Morning,Sunny,Auto,cmf phone 2 pro,Abdullah Al Mahi,"23.7461,90.3872","Aftab Nagar, Dhaka"
cow_0057_angle5.jpg,0057,5,31-12-2025,Morning,Sunny,Auto,cmf phone 2 pro,Abdullah Al Mahi,"23.7461,90.3872","Aftab Nagar, Dhaka"
cow_0058_angle5.jpg,0058,5,31-12-2025,Morning,Sunny,Auto,cmf phone 2 pro,Abdullah Al Mahi,"23.7461,90.3872","Aftab Nagar, Dhaka"
cow_0059_angle5.jpg,0059,5,31-12-2025,Morning,Sunny,Auto,cmf phone 2 pro,Abdullah Al Mahi,"23.7461,90.3872","Aftab Nagar, Dhaka"
cow_0060_angle5.jpg,0060,5,31-12-2025,Morning,Sunny,Auto,cmf phone 2 pro,Abdullah Al Mahi,"23.7461,90.3872","Aftab Nagar, Dhaka"
cow_0061_angle5.jpg,0061,5,31-12-2025,Morning,Sunny,Auto,cmf phone 2 pro,Abdullah Al Mahi,"23.7461,90.3872","Aftab Nagar, Dhaka"
cow_0062_angle5.jpg,0062,5,31-12-2025,Morning,Sunny,Auto,POCO X4 Pro 5G,Sadman Islam Amlan,"23.7461,90.3872","Aftab Nagar, Dhaka"
cow_0063_angle5.jpg,0063,5,31-12-2025,Morning,Sunny,Auto,POCO X4 Pro 5G,Sadman Islam Amlan,"23.7461,90.3872","Aftab Nagar, Dhaka"
cow_0064_angle5.jpg,0064,5,31-12-2025,Morning,Sunny,Auto,POCO X4 Pro 5G,Sadman Islam Amlan,"23.7461,90.3872","Aftab Nagar, Dhaka"
cow_0065_angle5.jpg,0065,5,31-12-2025,Morning,Sunny,Auto,POCO X4 Pro 5G,Sadman Islam Amlan,"23.7461,90.3872","Aftab Nagar, Dhaka"
cow_0066_angle5.jpg,0066,5,31-12-2025,Morning,Sunny,Auto,POCO X4 Pro 5G,Sadman Islam Amlan,"23.7461,90.3872","Aftab Nagar, Dhaka"
cow_0067_angle5.jpg,0067,5,31-12-2025,Morning,Sunny,Auto,POCO X4 Pro 5G,Sadman Islam Amlan,"23.7461,90.3872","Aftab Nagar, Dhaka"
cow_0068_angle5.jpg,0068,5,31-12-2025,Morning,Sunny,Auto,POCO X4 Pro 5G,Sadman Islam Amlan,"23.7461,90.3872","Aftab Nagar, Dhaka"
cow_0069_angle5.jpg,0069,5,31-12-2025,Morning,Sunny,Auto,POCO X4 Pro 5G,Sadman Islam Amlan,"23.7461,90.3872","Aftab Nagar, Dhaka"
cow_0070_angle5.jpg,0070,5,31-12-2025,Morning,Sunny,Auto,POCO X4 Pro 5G,Sadman Islam Amlan,"23.7461,90.3872","Aftab Nagar, Dhaka"
cow_0071_angle5.jpg,0071,5,31-12-2025,Morning,Sunny,Auto,POCO X4 Pro 5G,Sadman Islam Amlan,"23.7461,90.3872","Aftab Nagar, Dhaka"
cow_0072_angle5.jpg,0072,5,31-12-2025,Morning,Sunny,Auto,POCO X4 Pro 5G,Sadman Islam Amlan,"23.7461,90.3872","Aftab Nagar, Dhaka"
